Workbook

Sheet SUMMARY
A1: SEEMA SAREE CENTRE | G1: TYPE | H1: AMOUNT
A2: SHREE GANPATI LOGISTIC AND TRANSPORT | G2: LOOSE | H2: 800
A3: SUMMARY (2026-2027) | G3: BOX | H3: 1050
A4: MONTHS | B4: TOTAL PARCEL | C4: LOOSE | D4: BOX | E4: DIFFERENCE | F4: LOOSE AMOUNT | G4: BOX AMOUNT | H4: TOTAL AMOUNT
A6: JUNE | B6: =SUM('JUNE 2026'!$H$1:$H$1000) -> 193 | C6: =COUNTIF('JUNE 2026'!$G$1:$G$1000, "L") -> 191 | D6: =COUNTIF('JUNE 2026'!$G$1:$G$1000, "B") -> 2 | E6: =B6-(C6+D6) -> 0 | F6: =$C6*$H$2 -> 152800 | G6: =$D6*$H$3 -> 2100 | H6: =SUM($F6,$G6) -> 154900
A7: JULY | B7: =SUM('JULY 2026'!$H$1:$H$1000) -> 34 | C7: =COUNTIF('JULY 2026'!$G$1:$G$1000, "L") -> 33 | D7: =COUNTIF('JULY 2026'!$G$1:$G$1000, "B") -> 1 | E7: =B7-(C7+D7) -> 0 | F7: =$C7*$H$2 -> 26400 | G7: =$D7*$H$3 -> 1050 | H7: =SUM($F7,$G7) -> 27450
A8: AUGUST | B8: =SUM('AUGUST 2026'!$H$1:$H$1000) -> 0 | C8: =COUNTIF('AUGUST 2026'!$G$1:$G$1000, "L") -> 0 | D8: =COUNTIF('AUGUST 2026'!$G$1:$G$1000, "B") -> 0 | E8: =B8-(C8+D8) -> 0 | F8: =$C8*$H$2 -> 0 | G8: =$D8*$H$3 -> 0 | H8: =SUM($F8,$G8) -> 0
A9: SEPTEMBER | B9: =SUM('SEPTEMBER 2026'!$H$1:$H$1000) -> 0 | C9: =COUNTIF('SEPTEMBER 2026'!$G$1:$G$1000, "L") -> 0 | D9: =COUNTIF('SEPTEMBER 2026'!$G$1:$G$1000, "B") -> 0 | E9: =B9-(C9+D9) -> 0 | F9: =$C9*$H$2 -> 0 | G9: =$D9*$H$3 -> 0 | H9: =SUM($F9,$G9) -> 0
A10: OCTOBER | B10: =SUM('OCTOBER 2026'!$H$1:$H$1000) -> 0 | C10: =COUNTIF('OCTOBER 2026'!$G$1:$G$1000, "L") -> 0 | D10: =COUNTIF('OCTOBER 2026'!$G$1:$G$1000, "B") -> 0 | E10: =B10-(C10+D10) -> 0 | F10: =$C10*$H$2 -> 0 | G10: =$D10*$H$3 -> 0 | H10: =SUM($F10,$G10) -> 0
A11: NOVEMBER | B11: =SUM('NOVEMBER 2026'!$H$1:$H$1000) -> 0 | C11: =COUNTIF('NOVEMBER 2026'!$G$1:$G$1000, "L") -> 0 | D11: =COUNTIF('NOVEMBER 2026'!$G$1:$G$1000, "B") -> 0 | E11: =B11-(C11+D11) -> 0 | F11: =$C11*$H$2 -> 0 | G11: =$D11*$H$3 -> 0 | H11: =SUM($F11,$G11) -> 0
A12: DECEMBER | B12: =SUM('DECEMBER 2026'!$H$1:$H$1000) -> 0 | C12: =COUNTIF('DECEMBER 2026'!$G$1:$G$1000, "L") -> 0 | D12: =COUNTIF('DECEMBER 2026'!$G$1:$G$1000, "B") -> 0 | E12: =B12-(C12+D12) -> 0 | F12: =$C12*$H$2 -> 0 | G12: =$D12*$H$3 -> 0 | H12: =SUM($F12,$G12) -> 0
A13: JANUARY | B13: =SUM('JANUARY 2027'!$H$1:$H$1000) -> 0 | C13: =COUNTIF('JANUARY 2027'!$G$1:$G$1000, "L") -> 0 | D13: =COUNTIF('JANUARY 2027'!$G$1:$G$1000, "B") -> 0 | E13: =B13-(C13+D13) -> 0 | F13: =$C13*$H$2 -> 0 | G13: =$D13*$H$3 -> 0 | H13: =SUM($F13,$G13) -> 0
A14: FEBRUARY | B14: =SUM('FEBRUARY 2027'!$H$1:$H$1000) -> 0 | C14: =COUNTIF('FEBRUARY 2027'!$G$1:$G$1000, "L") -> 0 | D14: =COUNTIF('FEBRUARY 2027'!$G$1:$G$1000, "B") -> 0 | E14: =B14-(C14+D14) -> 0 | F14: =$C14*$H$2 -> 0 | G14: =$D14*$H$3 -> 0 | H14: =SUM($F14,$G14) -> 0
A15: MARCH | B15: =SUM('MARCH 2027'!$H$1:$H$1000) -> 0 | C15: =COUNTIF('MARCH 2027'!$G$1:$G$1000, "L") -> 0 | D15: =COUNTIF('MARCH 2027'!$G$1:$G$1000, "B") -> 0 | E15: =B15-(C15+D15) -> 0 | F15: =$C15*$H$2 -> 0 | G15: =$D15*$H$3 -> 0 | H15: =SUM($F15,$G15) -> 0
A17: TOTAL | B17: =SUM(B6:B15) -> 227 | C17: =SUM(C6:C15) -> 224 | D17: =SUM(D6:D15) -> 3 | E17: =SUM(E6:E15) -> 0 | F17: =SUM(F6:F15) -> 179200 | G17: =SUM(G6:G15) -> 3150 | H17: =SUM(H6:H15) -> 182350

Sheet INVOICE CALCULATOR
A2: SL. NO. | B2: NAME | C2: QUANTITY | D2: PRICE | E2: TOTAL | H2: TAXABLE | I2: =SUM(E3:E18)-E23 -> 0
A4: 1 | E4: =C4*D4 -> 0 | H4: CGST @ 2.5% | I4: =I2*2.5% -> 0
A5: 2 | E5: =C5*D5 -> 0 | H5: SGST @ 2.5% | I5: =I4 -> 0
A6: 3 | E6: =C6*D6 -> 0
A7: 4 | E7: =C7*D7 -> 0 | H7: IGST @ 5% | I7: =I2*5% -> 0
A8: 5 | E8: =C8*D8 -> 0
A9: 6 | E9: =C9*D9 -> 0 | H9: ROUND OFF | I9: =ROUND((I2+I4+I5), 0)-(I2+I4+I5) -> 0
A10: 7 | E10: =C10*D10 -> 0
A11: 8 | E11: =C11*D11 -> 0 | H11: FINAL AMOUNT | I11: =I2+I4+I5+I9 -> 0
A12: 9 | E12: =C12*D12 -> 0
A13: 10 | E13: =C13*D13 -> 0
A14: 11 | E14: =C14*D14 -> 0
A15: 12 | E15: =C15*D15 -> 0
A16: 13 | E16: =C16*D16 -> 0
A17: 14 | E17: =C17*D17 -> 0
A18: 15 | E18: =C18*D18 -> 0
B21: TOTAL | C21: =SUM(C4:C18) -> 0 | E21: =SUM(E4:E18) -> 0
B23: LESS | E23: =E21*D23% -> 0
B25: TAXABLE | E25: =ROUND(D25/1.05, 0) -> 0

Sheet JUNE 2026
A1: SEEMA SAREE CENTRE
A2: SHREE GANPATI LOGISTIC AND TRANSPORT
A3: BILTY SUMMARY
A4: DATE OF RECEIVING | B4: TRANSPORT BILL NO. | C4: TRANSPORT NAME | D4: LR NO. | E4: PM. NO | F4: COMPANY | G4: TYPE (LOOSE / BOX) | H4: LOT | I4: TOTAL PARCEL | J4: ENTRY IN TALLY | K4: DATE OF OPENING | L4: DIRECT SALE FROM TRANSPORT | M4: DIRECT SALE NOT FROM TRANSPORT | N4: CHECKED FROM TRANSPORT
A6: 46174 | B6: 2863 | C6: SHREE GANPATI LOGISTIC AND TRANSPORT | D6: 184677 | E6: 7718 | F6: KAPIL | G6: L | H6: 1 | J6: YES
D7: 184679 | E7: 7723 | F7: KAPIL | G7: L | H7: 1 | J7: YES
D8: 184780 | E8: 7797 | F8: KAPIL | G8: L | H8: 1 | J8: YES
D9: 184990 | E9: 7861 | F9: KAPIL | G9: L | H9: 1 | J9: YES
D10: 184608 | E10: 465 | F10: RAMDEV FASHION | G10: L | H10: 1 | J10: YES
D11: 184825 | E11: 455 | F11: DAMINI | G11: L | H11: 1 | J11: YES
D12: 184826 | E12: 456 | F12: DAMINI | G12: L | H12: 1 | J12: YES
D13: 184641 | E13: 459 | F13: RAMDEV FASHION | G13: L | H13: 1 | I13: TOTAL 8 PARCEL | J13: YES
A15: 46174 | B15: 18367 | C15: SHREE GANPATI LOGISTIC AND TRANSPORT | D15: 184859 | E15: 1378 | F15: SUCHITRA SILK MILLS | G15: L | H15: 1 | J15: YES
D16: 183555 | E16: 2711 | F16: CHARANJEET | G16: L | H16: 1 | I16: TOTAL 2 PARCEL | J16: YES
A18: 46175 | B18: 2866 | C18: SHREE GANPATI LOGISTIC AND TRANSPORT | D18: 184680 | E18: 7714 | F18: KAPIL | G18: L | H18: 1 | J18: YES
D19: 184676 | E19: 7713 | F19: KAPIL | G19: L | H19: 1 | J19: YES
D20: 184678 | E20: 7722 | F20: KAPIL | G20: L | H20: 1 | J20: YES
D21: 184779 | E21: 7799 | F21: KAPIL | G21: L | H21: 1 | J21: YES
D22: 184941 | E22: 171 | F22: SHREE LAXMI DEVI FASHION | G22: L | H22: 1 | J22: YES
D23: 184947 | E23: 177 | F23: SHREE LAXMI DEVI FASHION | G23: L | H23: 1 | J23: YES
D24: 184946 | E24: 176 | F24: SHREE LAXMI DEVI FASHION | G24: L | H24: 1 | J24: YES
D25: 184942 | E25: 172 | F25: SHREE LAXMI DEVI FASHION | G25: L | H25: 1 | I25: TOTAL 8 PARCEL | J25: YES
A27: 46175 | B27: 2757 | C27: SHREE GANPATI LOGISTIC AND TRANSPORT | D27: 184264 | E27: 128 | F27: MATRACHAYA | G27: L | H27: 1 | J27: YES
D28: 184263 | E28: 129 | F28: MATRACHAYA | G28: L | H28: 1 | I28: TOTAL 2 PARCEL | J28: YES
A30: 46176 | B30: 2759 | C30: SHREE GANPATI LOGISTIC AND TRANSPORT | D30: 177853 | E30: 52567 | F30: KAPIL | G30: L | H30: 1 | J30: YES
D31: 181680 | E31: 762 | F31: GURUWANI | G31: L | H31: 1 | J31: YES
D32: 184947 | E32: 179 | F32: SHREE LAXMI DEVI FASHION | G32: L | H32: 1 | J32: YES
D33: 184948 | E33: 178 | F33: SHREE LAXMI DEVI FASHION | G33: L | H33: 1 | J33: YES
D34: 184943 | E34: 173 | F34: SHREE LAXMI DEVI FASHION | G34: L | H34: 1 | I34: TOTAL 5 PARCEL | J34: YES
A36: 46181 | B36: 2724 | C36: SHREE GANPATI LOGISTIC AND TRANSPORT | D36: 185163 | E36: 475 | F36: RAMDEV FASHION | G36: L | H36: 1 | J36: YES
D37: 185349 | E37: 296 | F37: KAMLAPATI SAREE | G37: L | H37: 1 | J37: YES
D38: 185166 | E38: 483 | F38: RAMDEV FASHION | G38: L | H38: 1 | J38: YES
D39: 185344 | E39: 491 | F39: RAMDEV FASHION | G39: L | H39: 1 | J39: YES
D40: 185066 | E40: 469 | F40: RAMDEV FASHION | G40: L | H40: 1 | J40: YES
D41: 185164 | E41: 476 | F41: RAMDEV FASHION | G41: L | H41: 1 | J41: YES
D42: 185100 | E42: 281 | F42: KAMLAPATI | G42: L | H42: 1 | J42: YES
D43: 184786 | E43: 875 | F43: DEV SHREE | G43: L | H43: 1 | I43: TOTAL 8 PARCEL | J43: YES
A45: 46181 | B45: 18414 | C45: SHREE GANPATI LOGISTIC AND TRANSPORT | D45: 185346 | E45: 493 | F45: RAMDEV FASHION | G45: L | H45: 1 | J45: YES
D46: 184827 | E46: 457 | F46: DAMINI | G46: L | H46: 1 | J46: YES
D47: 185162 | E47: 474 | F47: RAMDEV FASHION | G47: L | H47: 1 | J47: YES
D48: 185165 | E48: 484 | F48: RAMDEV FASHION | G48: L | H48: 1 | J48: YES
D49: 185161 | E49: 473 | F49: RAMDEV FASHION | G49: L | H49: 1 | J49: YES
D50: 185348 | E50: 295 | F50: KAMLAPATI | G50: L | H50: 1 | I50: TOTAL 6 PARCEL | J50: YES
A52: 46181 | B52: 18543 | C52: SHREE GANPATI LOGISTIC AND TRANSPORT | D52: 184856 | E52: 1382 | F52: SUCHITRA SILK MILLS | G52: L | H52: 1 | J52: YES
D53: 184857 | E53: 1380 | F53: SUCHITRA SILK MILLS | G53: L | H53: 1 | J53: YES
D54: 184858 | E54: 1381 | F54: SUCHITRA SILK MILLS | G54: L | H54: 1 | J54: YES
D55: 184860 | E55: 1379 | F55: SUCHITRA SILK MILLS | G55: L | H55: 1 | I55: TOTAL 4 PARCEL | J55: YES
A57: 46181 | B57: 2731 | C57: SHREE GANPATI LOGISTIC AND TRANSPORT | D57: 184787 | E57: 874 | F57: DEV SHREE CREATION | G57: L | H57: 1 | J57: YES
D58: 184784 | E58: 877 | F58: DEV SHREE CREATION | G58: L | H58: 1 | J58: YES
D59: 185139 | E59: 910 | F59: DEV SHREE CREATION | G59: L | H59: 1 | I59: TOTAL 3 PARCEL | J59: YES
A61: 46182 | B61: 18429 | C61: SHREE GANPATI LOGISTIC AND TRANSPORT | D61: 185172 | E61: 478 | F61: RAMDEV FASHION | G61: L | H61: 1 | J61: YES
D62: 185168 | E62: 481 | F62: RAMDEV FASHION | G62: L | H62: 1 | I62: TOTAL 2 PARCLE | J62: YES
A64: 46184 | B64: 2737 | C64: SHREE GANPATI LOGISTIC AND TRANSPORT | D64: 185456 | E64: 462 | F64: DAMINI | G64: L | H64: 1 | J64: YES
D65: 185460 | E65: 459 | F65: DAMINI | G65: L | H65: 1 | J65: YES
D66: 185459 | E66: 461 | F66: DAMINI | G66: L | H66: 1 | J66: YES
D67: 185458 | E67: 464 | F67: DAMINI | G67: L | H67: 1 | J67: YES
D68: 185455 | E68: 465 | F68: DAMINI | G68: L | H68: 1 | J68: YES
D69: 185457 | E69: 463 | F69: DAMINI | G69: L | H69: 1 | J69: YES
D70: 185460 | E70: 460 | F70: DAMINI | G70: L | H70: 1 | I70: TOTAL 7 PARCEL | J70: YES
A72: 46184 | B72: 18446 | C72: SHREE GANPATI LOGISTIC AND TRANSPORT | D72: 182502 | E72: 8055 | F72: KAPIL | G72: L | H72: 1 | J72: YES
D73: 185452 | E73: 8227 | F73: KAPIL | G73: L | H73: 1 | J73: YES
D74: 185026 | E74: 7934 | F74: KAPIL | G74: L | H74: 1 | I74: TOTAL 3 PARCEL | J74: YES
A76: 46184 | B76: 18573 | C76: SHREE GANPATI LOGISTIC AND TRANSPORT | D76: 185821 | E76: 160 | F76: MATRICHAYA | G76: L | H76: 1 | I76: TOTAL 1 PARCLE | J76: YES | L76: BOBBY SAREE CENTRE - SABOUR
A78: 46184 | B78: 2739 | C78: SHREE GANPATI LOGISTIC AND TRANSPORT | D78: 185326 | E78: 8153 | F78: KAPIL | G78: L | H78: 1 | J78: YES
D79: 185327 | E79: 8129 | F79: KAPIL | G79: L | H79: 1 | I79: TOTAL 2 PARCEL | J79: YES
A81: 46185 | B81: 18596 | C81: SHREE GANPATI LOGISTIC AND TRANSPORT | D81: 183822 / 185822 | E81: 159 | F81: MATRICHAYA | G81: L | H81: 1 | I81: TOTOL 1 PARCEL | J81: YES
A83: 46186 | B83: 18468 | C83: SHREE GANPATI LOGISTIC AND TRANSPORT | D83: 185347 | E83: 294 | F83: KAMALAPATI SAREES | G83: L | H83: 1 | J83: YES
D84: 185064 | E84: 286 | F84: KAMALAPATI SAREES | G84: L | H84: 1 | J84: YES
D85: 185063 | E85: 285 | F85: KAMALAPATI SAREES | G85: L | H85: 1 | J85: YES
D86: 184944 | E86: 174 | F86: SHREE LAXMI DEVI FASHION | G86: L | H86: 1 | I86: TOTAL 04 PARCEL | J86: YES
A88: 46189 | B88: 2750 | C88: SHREE GANPATI LOGISTIC AND TRANSPORT | D88: 185068 | E88: 471 | F88: RAMDEV | G88: L | H88: 1 | J88: YES
D89: 185067 | E89: 470 | F89: RAMDEV | G89: L | H89: 1 | J89: YES
D90: 185203 | E90: 489 | F90: RAMDEV | G90: L | H90: 1 | J90: YES
D91: 184945 | E91: 175 | F91: SHREE LAXMI DEVI FASHION | G91: L | H91: 1 | J91: YES
D92: 185062 | E92: 284 | F92: KAMALAPATI SAREES | G92: L | H92: 1 | J92: YES
D93: 185205 | E93: 488 | F93: RAMDEV FASHION | G93: L | H93: 1 | J93: YES
D94: 184749 | E94: 130 | F94: PARTH CREATION | G94: L | H94: 1 | J94: YES
D95: 185169 | E95: 480 | F95: RAMDEV FASHION | G95: L | H95: 1 | I95: TOTAL 8 PARCEL | J95: YES
A97: 46189 | B97: 2748 | C97: SHREE GANPATI LOGISTIC AND TRANSPORT | D97: 186103 | E97: 8674 | F97: KAPIL | G97: L | H97: 1 | J97: YES
D98: 185061 | E98: 283 | F98: KAMALAPATI SAREES | G98: L | H98: 1 | J98: YES
D99: 186121 | E99: 416 | F99: VIDHITA | G99: L | H99: 1 | J99: YES | L99: BOBBY SAREE CENTRE - SABOUR
D100: 186233 | E100: 84 | F100: RAGHAV DESIGNER | G100: L | H100: 1 | J100: YES
D101: 185345 | E101: 492 | F101: RAMDEV FASHION | G101: L | H101: 1 | J101: YES
D102: 186232 | E102: 85 | F102: RAGHAV DESIGNER | G102: L | H102: 1 | J102: YES
D103: 186120 | E103: 415 | F103: VIDHITA | G103: L | H103: 1 | I103: TOTAL 7 PARCEL | J103: YES | L103: BOBBY SAREE CENTRE - SABOUR
A105: 46189 | B105: 2747 | C105: SHREE GANPATI LOGISTIC AND TRANSPORT | D105: 186035 | E105: 8597 | F105: KAPIL | G105: L | H105: 1 | J105: YES
D106: 186363 | E106: 479 | F106: DAMINI | G106: L | H106: 1 | J106: YES
D107: 186036 | E107: 8625 | F107: KAPIL | G107: L | H107: 1 | J107: YES
D108: 186367 | E108: 481 | F108: DAMINI | G108: L | H108: 1 | J108: YES
D109: 186365 | E109: 483 | F109: DAMINI | G109: L | H109: 1 | J109: YES
D110: 186366 | E110: 482 | F110: DAMINI | G110: L | H110: 1 | J110: YES
D111: 184785 | E111: 876 | F111: DEV SHREE CREATION | G111: L | H111: 1 | I111: TOTAL 7 PARCEL | J111: YES
A113: 46189 | B113: 2749 | C113: SHREE GANPATI LOGISTIC AND TRANSPORT | D113: 186102 | E113: 8683 | F113: KAPIL | G113: L | H113: 1 | I113: TOTAL 1 PARCEL | J113: YES
A115: 46190 | B115: 2870 | C115: SHREE GANPATI LOGISTIC AND TRANSPORT | D115: 186386 | E115: 3452 | F115: PERFACT CHUNARI HOUSE | G115: L | H115: 1 | J115: YES
D116: 186387 | E116: 3451 | F116: PERFACT CHUNARI HOUSE | G116: L | H116: 1 | J116: YES
D117: 186396 | E117: 8763 | F117: KAPIL | G117: L | H117: 1 | J117: YES
D118: 186394 | E118: 8868 | F118: KAPIL | G118: L | H118: 1 | J118: YES
D119: 186395 | E119: 8894 | F119: KAPIL | G119: L | H119: 1 | J119: YES
D120: 186116 / 186416 | E120: 514 | F120: RAMDEV FASHION | G120: L | H120: 1 | J120: YES
D121: 186392 | E121: 8864 | F121: KAPIL | G121: L | H121: 1 | J121: YES
...

Sheet JULY 2026
A1: SEEMA SAREE CENTRE
A2: SHREE GANPATI LOGISTIC AND TRANSPORT
A3: BILTY SUMMARY
A4: DATE OF RECEIVING | B4: TRANSPORT BILL NO. | C4: TRANSPORT NAME | D4: LR NO. | E4: PM. NO | F4: COMPANY | G4: TYPE (LOOSE / BOX) | H4: LOT | I4: TOTAL PARCEL | J4: ENTRY IN TALLY | K4: DATE OF OPENING | L4: DIRECT SALE FROM TRANSPORT | M4: DIRECT SALE NOT FROM TRANSPORT | N4: CHECKED FROM TRANSPORT
A6: 46204 | B6: 2891 | C6: SHREE GANPATI LOGISTIC AND TRANSPORT | D6: 187223 | E6: 9527 | F6: KAPIL | G6: L | H6: 1 | J6: YES
D7: 186575 | E7: 8951 | F7: KAPIL | G7: L | H7: 1 | J7: YES
D8: 187221 | E8: 9533 | F8: KAPIL | G8: L | H8: 1 | J8: YES
D9: 187222 | E9: 9528 | F9: KAPIL | G9: L | H9: 1 | J9: YES
D10: 186577 | E10: 8928 | F10: KAPIL | G10: L | H10: 1 | J10: YES
D11: 187171 | E11: 9487 | F11: KAPIL | G11: L | H11: 1 | J11: YES
D12: 187170 | E12: 9445 | F12: KAPIL | G12: L | H12: 1 | I12: TOTAL 7 PARCEL | J12: YES
A14: 46205 | B14: 18748 | C14: SHREE GANPATI LOGISTIC AND TRANSPORT | D14: 185699 | E14: 2983 | F14: SHRIWALI | G14: B | H14: 1 | J14: YES | K14: 46205 | L14: BHOLA BHAGAT STORE - TARAPUR
D15: 187127 | E15: 544 | F15: RAMDEV FASHION | G15: L | H15: 1 | J15: NO
D16: 187498 | E16: 9135 | F16: AMBEY | G16: L | H16: 1 | J16: YES
D17: 187486 | E17: 87 | F17: W/L | G17: L | H17: 1 | J17: NO
D18: 187494 | E18: 9187 | F18: AMBEY | G18: L | H18: 1 | J18: YES
D19: 187484 | E19: 90 | F19: W/L | G19: L | H19: 1 | I19: TOTAL 6 PARCEL | J19: NO
A21: 46210 | B21: 18767 | C21: SHREE GANPATI LOGISTIC AND TRANSPORT | D21: 187740 | E21: 10052 | F21: KAPIL | G21: L | H21: 1 | J21: NO
D22: 187622 | E22: 9922 | F22: KAPIL | G22: L | H22: 1 | J22: NO
D23: 187329 | E23: 9567 | F23: KAPIL | G23: L | H23: 1 | J23: NO
D24: 183979 | E24: 7094 | F24: AMBEY | G24: L | H24: 1 | J24: NO
D25: 183978 | E25: 7643 | F25: AMBEY | G25: L | H25: 1 | J25: NO
D26: 187495 | E26: 9178 | F26: AMBEY | G26: L | H26: 1 | I26: TOTAL 6 PARCEL | J26: NO
A28: 46210 | B28: 18772 | C28: SHREE GANPATI LOGISTIC AND TRANSPORT | D28: 175961 | E28: 15 | F28: KARIGAR | G28: L | H28: 1 | J28: NO
D29: 187076 | E29: 2475 | F29: TANU | G29: L | H29: 1 | J29: NO
D30: 187078 | E30: 2473 | F30: TANU | G30: L | H30: 1 | J30: NO
D31: 186866 | E31: 2413 | F31: TANU | G31: L | H31: 1 | J31: NO
D32: 187061 | E32: 233 | F32: MATRACHAYA | G32: L | H32: 1 | J32: NO
D33: 187064 | E33: 236 | F33: MATRACHAYA | G33: L | H33: 1 | J33: NO
D34: 187638 | E34: 274 | F34: MATRACHAYA | G34: L | H34: 1 | J34: NO
D35: 187077 | E35: 2474 | F35: TANU | G35: L | H35: 1 | J35: NO
D36: 187641 | E36: 268 | F36: MATRACHAYA | G36: L | H36: 1 | I36: TOTAL 9 PARCEL | J36: NO
A38: 46212 | B38: 2914 | C38: SHREE GANPATI LOGISTIC AND TRANSPORT | D38: 188138 | E38: 10305 | F38: KAPIL | G38: L | H38: 1 | J38: NO
D39: 187952 | E39: 530 | F39: DAMINI | G39: L | H39: 1 | J39: NO
D40: 188139 | E40: 10332 | F40: KAPIL | G40: L | H40: 1 | J40: NO
D41: 188038 | E41: 10248 | F41: KAPIL | G41: L | H41: 1 | J41: NO
D42: 187957 | E42: 529 | F42: DAMINI | G42: L | H42: 1 | J42: NO
D43: 187950 | E43: 531 | F43: DAMINI | G43: L | H43: 1 | I43: TOTAL 6 PARCEL | J43: NO

Sheet AUGUST 2026
A1: SEEMA SAREE CENTRE
A2: SHREE GANPATI LOGISTIC AND TRANSPORT
A3: BILTY SUMMARY
A4: DATE OF RECEIVING | B4: TRANSPORT BILL NO. | C4: TRANSPORT NAME | D4: LR NO. | E4: PM. NO | F4: COMPANY | G4: TYPE (LOOSE / BOX) | H4: LOT | I4: TOTAL PARCEL | J4: ENTRY IN TALLY | K4: DATE OF OPENING | L4: DIRECT SALE FROM TRANSPORT | M4: DIRECT SALE NOT FROM TRANSPORT | N4: CHECKED FROM TRANSPORT

Sheet SEPTEMBER 2026
A1: SEEMA SAREE CENTRE
A2: SHREE GANPATI LOGISTIC AND TRANSPORT
A3: BILTY SUMMARY
A4: DATE OF RECEIVING | B4: TRANSPORT BILL NO. | C4: TRANSPORT NAME | D4: LR NO. | E4: PM. NO | F4: COMPANY | G4: TYPE (LOOSE / BOX) | H4: LOT | I4: TOTAL PARCEL | J4: ENTRY IN TALLY | K4: DATE OF OPENING | L4: DIRECT SALE FROM TRANSPORT | M4: DIRECT SALE NOT FROM TRANSPORT | N4: CHECKED FROM TRANSPORT

Sheet OCTOBER 2026
A1: SEEMA SAREE CENTRE
A2: SHREE GANPATI LOGISTIC AND TRANSPORT
A3: BILTY SUMMARY
A4: DATE OF RECEIVING | B4: TRANSPORT BILL NO. | C4: TRANSPORT NAME | D4: LR NO. | E4: PM. NO | F4: COMPANY | G4: TYPE (LOOSE / BOX) | H4: LOT | I4: TOTAL PARCEL | J4: ENTRY IN TALLY | K4: DATE OF OPENING | L4: DIRECT SALE FROM TRANSPORT | M4: DIRECT SALE NOT FROM TRANSPORT | N4: CHECKED FROM TRANSPORT

Sheet NOVEMBER 2026
A1: SEEMA SAREE CENTRE
A2: SHREE GANPATI LOGISTIC AND TRANSPORT
A3: BILTY SUMMARY
A4: DATE OF RECEIVING | B4: TRANSPORT BILL NO. | C4: TRANSPORT NAME | D4: LR NO. | E4: PM. NO | F4: COMPANY | G4: TYPE (LOOSE / BOX) | H4: LOT | I4: TOTAL PARCEL | J4: ENTRY IN TALLY | K4: DATE OF OPENING | L4: DIRECT SALE FROM TRANSPORT | M4: DIRECT SALE NOT FROM TRANSPORT | N4: CHECKED FROM TRANSPORT

Sheet DECEMBER 2026
A1: SEEMA SAREE CENTRE
A2: SHREE GANPATI LOGISTIC AND TRANSPORT
A3: BILTY SUMMARY
A4: DATE OF RECEIVING | B4: TRANSPORT BILL NO. | C4: TRANSPORT NAME | D4: LR NO. | E4: PM. NO | F4: COMPANY | G4: TYPE (LOOSE / BOX) | H4: LOT | I4: TOTAL PARCEL | J4: ENTRY IN TALLY | K4: DATE OF OPENING | L4: DIRECT SALE FROM TRANSPORT | M4: DIRECT SALE NOT FROM TRANSPORT | N4: CHECKED FROM TRANSPORT

Sheet JANUARY 2027
A1: SEEMA SAREE CENTRE
A2: SHREE GANPATI LOGISTIC AND TRANSPORT
A3: BILTY SUMMARY
A4: DATE OF RECEIVING | B4: TRANSPORT BILL NO. | C4: TRANSPORT NAME | D4: LR NO. | E4: PM. NO | F4: COMPANY | G4: TYPE (LOOSE / BOX) | H4: LOT | I4: TOTAL PARCEL | J4: ENTRY IN TALLY | K4: DATE OF OPENING | L4: DIRECT SALE FROM TRANSPORT | M4: DIRECT SALE NOT FROM TRANSPORT | N4: CHECKED FROM TRANSPORT

Sheet FEBRUARY 2027
A1: SEEMA SAREE CENTRE
A2: SHREE GANPATI LOGISTIC AND TRANSPORT
A3: BILTY SUMMARY
A4: DATE OF RECEIVING | B4: TRANSPORT BILL NO. | C4: TRANSPORT NAME | D4: LR NO. | E4: PM. NO | F4: COMPANY | G4: TYPE (LOOSE / BOX) | H4: LOT | I4: TOTAL PARCEL | J4: ENTRY IN TALLY | K4: DATE OF OPENING | L4: DIRECT SALE FROM TRANSPORT | M4: DIRECT SALE NOT FROM TRANSPORT | N4: CHECKED FROM TRANSPORT

Sheet MARCH 2027
A1: SEEMA SAREE CENTRE
A2: SHREE GANPATI LOGISTIC AND TRANSPORT
A3: BILTY SUMMARY
A4: DATE OF RECEIVING | B4: TRANSPORT BILL NO. | C4: TRANSPORT NAME | D4: LR NO. | E4: PM. NO | F4: COMPANY | G4: TYPE (LOOSE / BOX) | H4: LOT | I4: TOTAL PARCEL | J4: ENTRY IN TALLY | K4: DATE OF OPENING | L4: DIRECT SALE FROM TRANSPORT | M4: DIRECT SALE NOT FROM TRANSPORT | N4: CHECKED FROM TRANSPORT
